{
    "hsi_satellite_wavelengths": {
        "Band 0": 402.4402,
        "Band 1": 411.31638,
        "Band 2": 419.3725,
        "Band 3": 426.96744,
        "Band 4": 434.3084,
        "Band 5": 441.6589,
        "Band 6": 449.03363,
        "Band 7": 456.37735,
        "Band 8": 463.731,
        "Band 9": 470.94888,
        "Band 10": 478.1763,
        "Band 11": 485.4096,
        "Band 12": 492.69992,
        "Band 13": 500.13724,
        "Band 14": 507.66315,
        "Band 15": 515.1758,
        "Band 16": 522.9162,
        "Band 17": 530.66705,
        "Band 18": 538.48706,
        "Band 19": 546.48,
        "Band 20": 554.5646,
        "Band 21": 562.7366,
        "Band 22": 571.0028,
        "Band 23": 579.3517,
        "Band 24": 587.82355,
        "Band 25": 596.4751,
        "Band 26": 605.3912,
        "Band 27": 614.1723,
        "Band 28": 623.1971,
        "Band 29": 632.13165,
        "Band 30": 641.33325,
        "Band 31": 650.7905,
        "Band 32": 660.2636,
        "Band 33": 669.8167,
        "Band 34": 679.4728,
        "Band 35": 689.42084,
        "Band 36": 699.0959,
        "Band 37": 708.99664,
        "Band 38": 719.17224,
        "Band 39": 729.2445,
        "Band 40": 739.41754,
        "Band 41": 749.7307,
        "Band 42": 760.0969,
        "Band 43": 770.5285,
        "Band 44": 780.9124,
        "Band 45": 791.3616,
        "Band 46": 801.9366,
        "Band 47": 812.53986,
        "Band 48": 823.1458,
        "Band 49": 833.75134,
        "Band 50": 844.4271,
        "Band 51": 855.1821,
        "Band 52": 865.9494,
        "Band 53": 876.6408,
        "Band 54": 887.26587,
        "Band 55": 897.9865,
        "Band 56": 908.644,
        "Band 57": 919.1763,
        "Band 58": 929.3855,
        "Band 59": 939.86005,
        "Band 60": 942.9579,
        "Band 61": 951.0114,
        "Band 62": 959.52203,
        "Band 63": 969.38995,
        "Band 64": 978.7377,
        "Band 65": 988.41156,
        "Band 66": 998.37494,
        "Band 67": 1008.1683,
        "Band 68": 1017.9846,
        "Band 69": 1028.8063,
        "Band 70": 1037.7646,
        "Band 71": 1047.4312,
        "Band 72": 1057.3804,
        "Band 73": 1067.61,
        "Band 74": 1078.0391,
        "Band 75": 1088.5898,
        "Band 76": 1099.1083,
        "Band 77": 1109.7408,
        "Band 78": 1120.4946,
        "Band 79": 1131.1431,
        "Band 80": 1141.8737,
        "Band 81": 1152.4716,
        "Band 82": 1163.4841,
        "Band 83": 1174.5258,
        "Band 84": 1185.398,
        "Band 85": 1196.1748,
        "Band 86": 1207.1149,
        "Band 87": 1217.6959,
        "Band 88": 1228.9989,
        "Band 89": 1240.0568,
        "Band 90": 1250.7955,
        "Band 91": 1262.3344,
        "Band 92": 1273.3064,
        "Band 93": 1284.2795,
        "Band 94": 1295.1967,
        "Band 95": 1306.0472,
        "Band 96": 1317.0177,
        "Band 97": 1328.0897,
        "Band 98": 1338.9463,
        "Band 99": 1349.599,
        "Band 100": 1360.8427,
        "Band 101": 1372.719,
        "Band 102": 1383.0083,
        "Band 103": 1394.5247,
        "Band 104": 1405.3883,
        "Band 105": 1416.3103,
        "Band 106": 1427.1056,
        "Band 107": 1438.1699,
        "Band 108": 1448.9209,
        "Band 109": 1459.0675,
        "Band 110": 1469.7003,
        "Band 111": 1480.6201,
        "Band 112": 1491.1978,
        "Band 113": 1501.7793,
        "Band 114": 1512.4137,
        "Band 115": 1523.0071,
        "Band 116": 1533.5645,
        "Band 117": 1544.0302,
        "Band 118": 1554.5801,
        "Band 119": 1565.1215,
        "Band 120": 1575.3931,
        "Band 121": 1585.6315,
        "Band 122": 1595.9795,
        "Band 123": 1606.2433,
        "Band 124": 1616.584,
        "Band 125": 1626.7812,
        "Band 126": 1636.8546,
        "Band 127": 1646.9728,
        "Band 128": 1656.7723,
        "Band 129": 1666.9666,
        "Band 130": 1677.1246,
        "Band 131": 1687.1718,
        "Band 132": 1697.0093,
        "Band 133": 1706.8075,
        "Band 134": 1716.5975,
        "Band 135": 1726.4375,
        "Band 136": 1736.2556,
        "Band 137": 1745.9294,
        "Band 138": 1755.549,
        "Band 139": 1765.2532,
        "Band 140": 1774.9093,
        "Band 141": 1784.4419,
        "Band 142": 1793.6891,
        "Band 143": 1803.366,
        "Band 144": 1812.8206,
        "Band 145": 1822.1488,
        "Band 146": 1831.7412,
        "Band 147": 1841.0494,
        "Band 148": 1850.2787,
        "Band 149": 1859.2976,
        "Band 150": 1868.0181,
        "Band 151": 1878.4633,
        "Band 152": 1886.8109,
        "Band 153": 1895.8464,
        "Band 154": 1904.6282,
        "Band 155": 1914.0479,
        "Band 156": 1923.0891,
        "Band 157": 1931.9916,
        "Band 158": 1940.8306,
        "Band 159": 1949.639,
        "Band 160": 1958.3706,
        "Band 161": 1967.059,
        "Band 162": 1975.7814,
        "Band 163": 1984.5479,
        "Band 164": 1993.2886,
        "Band 165": 2001.8428,
        "Band 166": 2010.4103,
        "Band 167": 2019.0496,
        "Band 168": 2027.476,
        "Band 169": 2035.9952,
        "Band 170": 2044.4224,
        "Band 171": 2052.7573,
        "Band 172": 2061.138,
        "Band 173": 2069.5388,
        "Band 174": 2077.7517,
        "Band 175": 2086.1008,
        "Band 176": 2094.4077,
        "Band 177": 2102.548,
        "Band 178": 2110.8167,
        "Band 179": 2118.9553,
        "Band 180": 2127.094,
        "Band 181": 2135.2354,
        "Band 182": 2143.2258,
        "Band 183": 2151.1257,
        "Band 184": 2159.2878,
        "Band 185": 2167.2524,
        "Band 186": 2175.0713,
        "Band 187": 2183.1833,
        "Band 188": 2190.8354,
        "Band 189": 2198.887,
        "Band 190": 2206.5977,
        "Band 191": 2214.3416,
        "Band 192": 2222.1929,
        "Band 193": 2229.7532,
        "Band 194": 2237.6477,
        "Band 195": 2245.2136,
        "Band 196": 2252.8484,
        "Band 197": 2260.628,
        "Band 198": 2268.0422,
        "Band 199": 2275.7695,
        "Band 200": 2283.2751,
        "Band 201": 2290.573,
        "Band 202": 2298.335,
        "Band 203": 2305.5022,
        "Band 204": 2312.912,
        "Band 205": 2320.6401,
        "Band 206": 2327.607,
        "Band 207": 2335.236,
        "Band 208": 2342.5889,
        "Band 209": 2349.5752,
        "Band 210": 2357.0225,
        "Band 211": 2364.3708,
        "Band 212": 2371.3364,
        "Band 213": 2378.5095,
        "Band 214": 2385.8086,
        "Band 215": 2392.8418,
        "Band 216": 2399.801,
        "Band 217": 2407.3386,
        "Band 218": 2414.1565,
        "Band 219": 2420.9873,
        "Band 220": 2428.4001,
        "Band 221": 2435.327,
        "Band 222": 2442.1877,
        "Band 223": 2448.9236,
        "Band 224": 2456.3296,
        "Band 225": 2462.813,
        "Band 226": 2469.4155,
        "Band 227": 2476.7913,
        "Band 228": 2483.5906,
        "Band 229": 2490.028
    },
    "msi_satellite_wavelengths": {
        "B01": 443,
        "B02": 490,
        "B03": 560,
        "B04": 665,
        "B05": 705,
        "B06": 740,
        "B07": 783,
        "B08": 842,
        "B08A": 865,
        "B09": 945,
        "B11": 1610,
        "B12": 2190
    },
    "hsi_aerial_wavelengths": {
        "Band 0": 414.13,
        "Band 1": 417.32,
        "Band 2": 420.52,
        "Band 3": 423.72,
        "Band 4": 426.91,
        "Band 5": 430.11,
        "Band 6": 433.31,
        "Band 7": 436.5,
        "Band 8": 439.7,
        "Band 9": 442.9,
        "Band 10": 446.09,
        "Band 11": 449.29,
        "Band 12": 452.49,
        "Band 13": 455.68,
        "Band 14": 458.88,
        "Band 15": 462.08,
        "Band 16": 465.27,
        "Band 17": 468.47,
        "Band 18": 471.67,
        "Band 19": 474.86,
        "Band 20": 478.06,
        "Band 21": 481.26,
        "Band 22": 484.45,
        "Band 23": 487.65,
        "Band 24": 490.85,
        "Band 25": 494.04,